{
  "UP主名称": "龙女塔罗",
  "评估时间": "2025-12-18 18:59:13",
  "评估版本": "增强版（针对有限数据）",
  "数据概况": {
    "total_posts": 79,
    "analysis_posts": 79,
    "interaction_data_available": "True"
  },
  "内容维度得分": 29.407160940325497,
  "传播维度得分": 50.8,
  "心理维度得分": 11.695692836082287,
  "综合评分": 32.46678758515077,
  "评估等级": "不足",
  "治理建议": "需要全面优化，重新评估内容策略和用户定位",
  "内容维度详情": {
    "text_length": {
      "mean": 22.620253164556964,
      "median": 21.0,
      "std": 8.706472389753932,
      "min": "7",
      "max": "60"
    },
    "length_distribution": {
      "短(10-20)": 0.43037974683544306,
      "中等(20-30)": 0.4177215189873418,
      "长(30-50)": 0.10126582278481013,
      "超短(<10)": 0.02531645569620253,
      "较长(50-100)": 0.02531645569620253,
      "超长(>100)": 0.0
    },
    "form_features": {
      "brackets_ratio": 0.9493670886075949,
      "question_ratio": 0.5063291139240507,
      "exclamation_ratio": 0.0,
      "emoji_ratio": 0.0,
      "avg_word_count": 1.2278481012658229,
      "most_common_length_range": "短(10-20)"
    },
    "style_distribution": {
      "疑问式": 0.7088607594936709,
      "肯定式": 0.012658227848101266,
      "推荐式": 0.06329113924050633,
      "情感式": 0.0,
      "数字式": 0.0
    },
    "themes": {
      "塔罗占卜": {
        "post_count": "76",
        "post_ratio": 0.9620253164556962,
        "keyword_density": 50.923335198656964
      },
      "情感咨询": {
        "post_count": "24",
        "post_ratio": 0.3037974683544304,
        "keyword_density": 18.466703973139342
      },
      "职业发展": {
        "post_count": "1",
        "post_ratio": 0.012658227848101266,
        "keyword_density": 0.5595970900951316
      },
      "学业指导": {
        "post_count": "0",
        "post_ratio": 0.0,
        "keyword_density": 0.0
      },
      "心理分析": {
        "post_count": "1",
        "post_ratio": 0.012658227848101266,
        "keyword_density": 0.5595970900951316
      },
      "行动指导": {
        "post_count": "10",
        "post_ratio": 0.12658227848101267,
        "keyword_density": 6.155567991046447
      },
      "运势预测": {
        "post_count": "16",
        "post_ratio": 0.20253164556962025,
        "keyword_density": 10.072747621712367
      }
    },
    "content_features": {
      "rational_mean": 0.05063291139240506,
      "action_mean": 0.08860759493670886,
      "comfort_mean": 0.012658227848101266,
      "has_rational": 0.05063291139240506,
      "has_action": 0.08860759493670886,
      "has_comfort": 0.012658227848101266
    },
    "quality": {
      "theme_diversity": 0.5714285714285714,
      "avg_length_score": 0.4524050632911393,
      "structure_score": 0.08860759493670886,
      "rationality_score": 0.05063291139240506
    },
    "signatures": {
      "塔罗占卜": 0.02531645569620253,
      "塔罗牌": 0.0,
      "情感咨询": 0.0,
      "复合建议": 0.0,
      "心理分析": 0.0,
      "运势预测": 0.0,
      "行动指导": 0.0,
      "塔罗解读": 0.0
    },
    "signature_match": 0.0
  },
  "传播维度详情": {
    "topic_coverage": 1.0,
    "participant_count": 1,
    "active_users": 1,
    "user_concentration": 0.0,
    "avg_views": 634612.9746835442,
    "avg_comments": 13459.354430379746,
    "potential": 1.0,
    "hashtags": {
      "total_tags": 0,
      "top_hashtags": {}
    }
  },
  "心理维度详情": {
    "emotion_analysis": {
      "positive": {
        "count": "18",
        "ratio": 0.22784810126582278,
        "posts_with": "18",
        "avg_pos_intensity": 0.4629629629629629,
        "avg_neg_intensity": 0.0,
        "avg_neu_intensity": 0.537037037037037
      },
      "negative": {
        "count": "2",
        "ratio": 0.02531645569620253,
        "posts_with": "2",
        "avg_pos_intensity": 0.0,
        "avg_neg_intensity": 0.41666666666666663,
        "avg_neu_intensity": 0.5833333333333333
      },
      "neutral": {
        "count": "59",
        "ratio": 0.7468354430379747,
        "posts_with": "59",
        "avg_pos_intensity": 0.00847457627118644,
        "avg_neg_intensity": 0.00847457627118644,
        "avg_neu_intensity": 0.9491525423728814
      }
    },
    "emotion_output": {
      "overall_positive_intensity": 0.11181434599156116,
      "overall_negative_intensity": 0.016877637130801686,
      "overall_neutral_intensity": 0.8459915611814347,
      "strong_positive_ratio": 0.012658227848101266,
      "strong_negative_ratio": 0.0,
      "emotional_variance": 0.28633950698171307
    },
    "emotion_balance": {
      "positive_ratio": 0.22784810126582278,
      "negative_ratio": 0.02531645569620253,
      "balance_score": 0.20314756710991588,
      "dominant_emotion": "positive"
    },
    "psychological_needs": {
      "情感需求": {
        "posts": "25",
        "ratio": 0.31645569620253167,
        "intensity": 0.3924050632911392
      },
      "认知需求": {
        "posts": "4",
        "ratio": 0.05063291139240506,
        "intensity": 0.0759493670886076
      },
      "安全需求": {
        "posts": "0",
        "ratio": 0.0,
        "intensity": 0.0
      },
      "归属需求": {
        "posts": "0",
        "ratio": 0.0,
        "intensity": 0.0
      },
      "成长需求": {
        "posts": "4",
        "ratio": 0.05063291139240506,
        "intensity": 0.05063291139240506
      },
      "尊重需求": {
        "posts": "0",
        "ratio": 0.0,
        "intensity": 0.0
      }
    },
    "primary_needs": {
      "情感需求": 0.31645569620253167,
      "认知需求": 0.05063291139240506,
      "成长需求": 0.05063291139240506
    },
    "support_analysis": {
      "advice_given": {
        "posts": "10",
        "ratio": 0.12658227848101267,
        "effectiveness": 5.0
      },
      "comfort_provided": {
        "posts": "0",
        "ratio": 0.0,
        "effectiveness": 0.0
      },
      "solution_offered": {
        "posts": "0",
        "ratio": 0.0,
        "effectiveness": 0.0
      },
      "hope_inspired": {
        "posts": "17",
        "ratio": 0.21518987341772153,
        "effectiveness": 8.5
      }
    },
    "support_index": 0.08544303797468356,
    "behavior_analysis": {
      "action_intent": {
        "posts": "21",
        "ratio": 0.26582278481012656,
        "engagement": 26.582278481012654
      },
      "goal_setting": {
        "posts": "1",
        "ratio": 0.012658227848101266,
        "engagement": 1.2658227848101267
      },
      "progress_sharing": {
        "posts": "1",
        "ratio": 0.012658227848101266,
        "engagement": 1.2658227848101267
      },
      "help_seeking": {
        "posts": "0",
        "ratio": 0.0,
        "engagement": 0.0
      }
    },
    "behavior_index": 0.07278481012658228,
    "anxiety_management": {
      "anxiety_mentioned": 0.012658227848101266,
      "solutions_provided": 0.0,
      "targeted_solutions": 0.0,
      "anxiety_coverage": 0.0
    }
  }
}