other_subscene,count,ratio
Misc,58,0.9666666666666667
Consumption,1,0.016666666666666666
Identity,1,0.016666666666666666
