{
  "博主名称": "陶白白",
  "评估时间": "2025-12-18 02:42:41",
  "评估数据说明": "基于相关话题微博分析",
  "内容维度得分": 28.53216374269006,
  "传播维度得分": 30.0,
  "心理维度得分": 67.76483558623335,
  "综合评分": 40.81570798581153,
  "评估等级": "待改进",
  "治理建议": "需要针对性改进，重点关注内容质量和心理支持",
  "内容维度详情": {
    "内容形式": {
      "平均文本长度": 95.60818713450293,
      "长文本比例": 0.0,
      "结构化内容比例": 0.1695906432748538
    },
    "核心主题": {
      "主题分布": {
        "星座运势": "94",
        "情感关系": "70",
        "职业发展": "28",
        "学业成长": "17",
        "心理成长": "39"
      },
      "主题比例": {
        "星座运势": 0.5497076023391813,
        "情感关系": 0.4093567251461988,
        "职业发展": 0.16374269005847952,
        "学业成长": 0.09941520467836257,
        "心理成长": 0.22807017543859648
      },
      "主要主题": "星座运势"
    },
    "理性预测比例": 0.21637426900584794,
    "行动清单比例": 0.27485380116959063,
    "博主风格匹配度": 0.3567251461988304
  },
  "传播维度详情": {
    "基础传播指标": {
      "平均转发数": 0.0,
      "平均评论数": 0.0,
      "平均点赞数": 0.0,
      "总互动量": "0",
      "分析样本数": 171,
      "平均互动量": 0.0
    },
    "传播广度": {
      "直接提及数": 0,
      "相关话题数": 171,
      "总参与量": 171
    },
    "二次传播能力": {
      "高传播内容比例": 0.0,
      "平均高传播转发数": 0
    },
    "传播多样性": {
      "有转发比例": 0.0,
      "有评论比例": 0.0,
      "有点赞比例": 0.0,
      "综合多样性": 0.0
    }
  },
  "心理维度详情": {
    "情感支持": {
      "积极内容比例": 0.11695906432748537,
      "消极内容比例": 0.03508771929824561,
      "中性内容比例": 0.847953216374269,
      "情感平衡度": 0.9181286549707602
    },
    "心理慰藉": {
      "慰藉关键词密度": 0.9174873080922381,
      "解决方案提供比例": 0.2046783625730994,
      "综合心理支持指数": 1
    },
    "心理需求": {
      "需求分布": {
        "迷茫困惑": "3",
        "焦虑压力": "3",
        "情感困扰": "71",
        "职业发展": "28",
        "学业成长": "17"
      },
      "主要需求": "情感困扰",
      "需求多样性": 1.0
    },
    "行为激发": {
      "立flag行为比例": 0.09941520467836257,
      "行动激发指数": 0.4415204678362572
    },
    "焦虑管理": {
      "焦虑提及比例": 0.017543859649122806,
      "提供解决方案比例": 0.17543859649122806,
      "焦虑解决针对性": 0.0,
      "焦虑缓解效果": 0.0
    }
  }
}